
[
  {
    "id": "mayo-1",
    "slug": "mayo-clinic",
    "name": "Mayo Clinic",
    "city": "Rochester",
    "state": "MN",
    "fpl_limit": 400,
    "deadline_days": 240,
    "policy_note": "Mayo Clinic Financial Assistance Policy",
    "financial_aid_url": "https://www.mayoclinic.org/patient-visitor-guide/billing-insurance/financial-assistance"
  },
  {
    "id": "cleveland-1",
    "slug": "cleveland-clinic",
    "name": "Cleveland Clinic",
    "city": "Cleveland",
    "state": "OH",
    "fpl_limit": 250,
    "deadline_days": 240,
    "policy_note": "Cleveland Clinic Health System Policy",
    "financial_aid_url": "https://my.clevelandclinic.org/patients/billing-finance/financial-assistance"
  },
  {
    "id": "hopkins-1",
    "slug": "johns-hopkins-medicine",
    "name": "Johns Hopkins Medicine",
    "city": "Baltimore",
    "state": "MD",
    "fpl_limit": 200,
    "deadline_days": 240,
    "policy_note": "Johns Hopkins Financial Assistance",
    "financial_aid_url": "https://www.hopkinsmedicine.org/patient-care/billing-insurance/financial-assistance"
  },
  {
    "id": "stanford-1",
    "slug": "stanford-health-care",
    "name": "Stanford Health Care",
    "city": "Stanford",
    "state": "CA",
    "fpl_limit": 400,
    "deadline_days": 240,
    "policy_note": "Stanford Financial Assistance Program",
    "financial_aid_url": "https://stanfordhealthcare.org/pay-bill/financial-assistance.html"
  },
  {
    "id": "kaiser-1",
    "slug": "kaiser-permanente",
    "name": "Kaiser Permanente",
    "city": "Oakland",
    "state": "CA",
    "fpl_limit": 400,
    "deadline_days": 240,
    "policy_note": "Kaiser Permanente Medical Financial Assistance",
    "financial_aid_url": "https://about.kaiserpermanente.org/commitments-and-impact/healthy-communities/medical-financial-assistance-program"
  },
  {
    "id": "nyu-1",
    "slug": "nyu-langone-health",
    "name": "NYU Langone Health",
    "city": "New York",
    "state": "NY",
    "fpl_limit": 400,
    "deadline_days": 240,
    "policy_note": "NYU Langone Financial Assistance",
    "financial_aid_url": "https://nyulangone.org/patient-care/billing-insurance/financial-assistance"
  },
  {
    "id": "mgh-1",
    "slug": "mass-general-brigham",
    "name": "Mass General Brigham",
    "city": "Boston",
    "state": "MA",
    "fpl_limit": 300,
    "deadline_days": 240,
    "policy_note": "Mass General Brigham Financial Assistance",
    "financial_aid_url": "https://www.massgeneralbrigham.org/en/patient-care/patient-information/billing-and-insurance/financial-assistance"
  },
  {
    "id": "cedars-1",
    "slug": "cedars-sinai-medical-center",
    "name": "Cedars-Sinai Medical Center",
    "city": "Los Angeles",
    "state": "CA",
    "fpl_limit": 400,
    "deadline_days": 240,
    "policy_note": "Cedars-Sinai Financial Assistance",
    "financial_aid_url": "https://www.cedars-sinai.org/billing-insurance/financial-assistance.html"
  },
  {
    "id": "ucla-1",
    "slug": "ucla-health",
    "name": "UCLA Health",
    "city": "Los Angeles",
    "state": "CA",
    "fpl_limit": 350,
    "deadline_days": 240,
    "policy_note": "UCLA Health Financial Assistance",
    "financial_aid_url": "https://www.uclahealth.org/patients-visitors/billing-insurance/financial-assistance"
  },
  {
    "id": "penn-1",
    "slug": "penn-medicine",
    "name": "Penn Medicine",
    "city": "Philadelphia",
    "state": "PA",
    "fpl_limit": 300,
    "deadline_days": 240,
    "policy_note": "Penn Medicine Financial Assistance",
    "financial_aid_url": "https://www.pennmedicine.org/for-patients-and-visitors/patient-information/billing-and-insurance/financial-assistance"
  },
  {
    "id": "northwestern-1",
    "slug": "northwestern-medicine",
    "name": "Northwestern Medicine",
    "city": "Chicago",
    "state": "IL",
    "fpl_limit": 300,
    "deadline_days": 240,
    "policy_note": "Northwestern Medicine Financial Assistance",
    "financial_aid_url": "https://www.nm.org/patients-and-visitors/billing-and-insurance/financial-assistance"
  },
  {
    "id": "mount-sinai-1",
    "slug": "mount-sinai-health-system",
    "name": "Mount Sinai Health System",
    "city": "New York",
    "state": "NY",
    "fpl_limit": 300,
    "deadline_days": 240,
    "policy_note": "Mount Sinai Financial Assistance",
    "financial_aid_url": "https://www.mountsinai.org/about/billing/financial-assistance"
  },
  {
    "id": "ucsf-1",
    "slug": "ucsf-health",
    "name": "UCSF Health",
    "city": "San Francisco",
    "state": "CA",
    "fpl_limit": 400,
    "deadline_days": 240,
    "policy_note": "UCSF Health Financial Assistance",
    "financial_aid_url": "https://www.ucsfhealth.org/billing-and-insurance/financial-assistance"
  },
  {
    "id": "duke-1",
    "slug": "duke-university-health-system",
    "name": "Duke University Health System",
    "city": "Durham",
    "state": "NC",
    "fpl_limit": 250,
    "deadline_days": 240,
    "policy_note": "Duke Health Financial Assistance",
    "financial_aid_url": "https://www.dukehealth.org/billing-and-insurance/financial-assistance"
  },
  {
    "id": "emory-1",
    "slug": "emory-healthcare",
    "name": "Emory Healthcare",
    "city": "Atlanta",
    "state": "GA",
    "fpl_limit": 200,
    "deadline_days": 240,
    "policy_note": "Emory Healthcare Financial Assistance",
    "financial_aid_url": "https://www.emoryhealthcare.org/patients-visitors/billing-insurance/financial-assistance"
  },
  {
    "id": "houston-methodist",
    "slug": "houston-methodist",
    "name": "Houston Methodist",
    "city": "Houston",
    "state": "TX",
    "fpl_limit": 200,
    "deadline_days": 240,
    "policy_note": "Houston Methodist Financial Assistance",
    "financial_aid_url": "https://www.houstonmethodist.org/billing/financial-assistance/"
  },
  {
    "id": "nyp-1",
    "slug": "new-york-presbyterian",
    "name": "New York-Presbyterian Hospital",
    "city": "New York",
    "state": "NY",
    "fpl_limit": 400,
    "deadline_days": 240,
    "policy_note": "NYP Financial Aid Policy",
    "financial_aid_url": "https://www.nyp.org/billing-insurance/financial-aid"
  },
  {
    "id": "upmc-1",
    "slug": "upmc-presbyterian",
    "name": "UPMC Presbyterian",
    "city": "Pittsburgh",
    "state": "PA",
    "fpl_limit": 300,
    "deadline_days": 240,
    "policy_note": "UPMC Financial Assistance",
    "financial_aid_url": "https://www.upmc.com/patients-visitors/paying-bill/financial-assistance"
  },
  {
    "id": "vanderbilt-1",
    "slug": "vanderbilt-university-medical-center",
    "name": "Vanderbilt University Medical Center",
    "city": "Nashville",
    "state": "TN",
    "fpl_limit": 300,
    "deadline_days": 240,
    "policy_note": "Vanderbilt Financial Assistance (Up to 300% FPL)",
    "financial_aid_url": "https://www.vanderbilthealth.com/patient-and-visitor-info/financial-assistance"
  },
  {
    "id": "brigham-womens",
    "slug": "brigham-and-womens-hospital",
    "name": "Brigham and Women's Hospital",
    "city": "Boston",
    "state": "MA",
    "fpl_limit": 300,
    "deadline_days": 240,
    "policy_note": "Mass General Brigham Policy",
    "financial_aid_url": "https://www.brighamandwomens.org/patients-and-families/billing-and-insurance/financial-assistance"
  },
  {
    "id": "barnes-jewish",
    "slug": "barnes-jewish-hospital",
    "name": "Barnes-Jewish Hospital",
    "city": "St. Louis",
    "state": "MO",
    "fpl_limit": 250,
    "deadline_days": 240,
    "policy_note": "BJC HealthCare Financial Assistance",
    "financial_aid_url": "https://www.barnesjewish.org/Patients-Visitors/Billing-Insurance/Financial-Assistance"
  },
  {
    "id": "yale-new-haven",
    "slug": "yale-new-haven-hospital",
    "name": "Yale New Haven Hospital",
    "city": "New Haven",
    "state": "CT",
    "fpl_limit": 250,
    "deadline_days": 240,
    "policy_note": "YNHHS Financial Assistance",
    "financial_aid_url": "https://www.ynhhs.org/patient-care/billing-insurance/financial-assistance"
  },
  {
    "id": "ut-southwestern",
    "slug": "ut-southwestern-medical-center",
    "name": "UT Southwestern Medical Center",
    "city": "Dallas",
    "state": "TX",
    "fpl_limit": 200,
    "deadline_days": 240,
    "policy_note": "UTSW Financial Assistance",
    "financial_aid_url": "https://utswmed.org/patient-resources/billing-insurance/financial-assistance/"
  },
  {
    "id": "uw-health",
    "slug": "university-of-washington-medical-center",
    "name": "UW Medical Center",
    "city": "Seattle",
    "state": "WA",
    "fpl_limit": 300,
    "deadline_days": 240,
    "policy_note": "UW Medicine Financial Assistance",
    "financial_aid_url": "https://www.uwmedicine.org/patient-resources/billing-and-insurance/financial-assistance"
  },
  {
    "id": "michigan-medicine",
    "slug": "michigan-medicine",
    "name": "Michigan Medicine",
    "city": "Ann Arbor",
    "state": "MI",
    "fpl_limit": 250,
    "deadline_days": 240,
    "policy_note": "MSupport Financial Assistance",
    "financial_aid_url": "https://www.uofmhealth.org/patient-visitor-guide/billing-insurance/financial-assistance"
  },
  {
    "id": "cincinnati-childrens",
    "slug": "cincinnati-childrens-hospital",
    "name": "Cincinnati Children's Hospital",
    "city": "Cincinnati",
    "state": "OH",
    "fpl_limit": 250,
    "deadline_days": 240,
    "policy_note": "Cincinnati Children's Financial Assistance",
    "financial_aid_url": "https://www.cincinnatichildrens.org/patients/billing/financial-assistance"
  },
  {
    "id": "chop-1",
    "slug": "childrens-hospital-of-philadelphia",
    "name": "Children's Hospital of Philadelphia",
    "city": "Philadelphia",
    "state": "PA",
    "fpl_limit": 400,
    "deadline_days": 240,
    "policy_note": "CHOP Family Health Coverage (Generous)",
    "financial_aid_url": "https://www.chop.edu/billing-and-insurance/financial-assistance"
  },
  {
    "id": "boston-childrens",
    "slug": "boston-childrens-hospital",
    "name": "Boston Children's Hospital",
    "city": "Boston",
    "state": "MA",
    "fpl_limit": 400,
    "deadline_days": 240,
    "policy_note": "Boston Children's Financial Assistance",
    "financial_aid_url": "https://www.childrenshospital.org/patient-resources/billing-and-insurance/financial-assistance"
  },
  {
    "id": "texas-childrens",
    "slug": "texas-childrens-hospital",
    "name": "Texas Children's Hospital",
    "city": "Houston",
    "state": "TX",
    "fpl_limit": 250,
    "deadline_days": 240,
    "policy_note": "Texas Children's Financial Assistance",
    "financial_aid_url": "https://www.texaschildrens.org/patients-and-visitors/billing-and-insurance/financial-assistance"
  },
  {
    "id": "rush-1",
    "slug": "rush-university-medical-center",
    "name": "Rush University Medical Center",
    "city": "Chicago",
    "state": "IL",
    "fpl_limit": 300,
    "deadline_days": 240,
    "policy_note": "Rush Financial Assistance",
    "financial_aid_url": "https://www.rush.edu/patients-visitors/billing-financial-assistance/financial-assistance"
  },
  {
    "id": "osu-wexner",
    "slug": "osu-wexner-medical-center",
    "name": "OSU Wexner Medical Center",
    "city": "Columbus",
    "state": "OH",
    "fpl_limit": 300,
    "deadline_days": 240,
    "policy_note": "Ohio State Health Financial Assistance (HCAP)",
    "financial_aid_url": "https://wexnermedical.osu.edu/patient-and-visitor-guide/billing-insurance/financial-assistance"
  },
  {
    "id": "indiana-university",
    "slug": "iu-health",
    "name": "Indiana University Health",
    "city": "Indianapolis",
    "state": "IN",
    "fpl_limit": 250,
    "deadline_days": 240,
    "policy_note": "IU Health Financial Assistance",
    "financial_aid_url": "https://iuhealth.org/patient-family-support/billing-insurance/financial-assistance"
  },
  {
    "id": "uva-health",
    "slug": "uva-health",
    "name": "UVA Health",
    "city": "Charlottesville",
    "state": "VA",
    "fpl_limit": 200,
    "deadline_days": 240,
    "policy_note": "UVA Health Financial Assistance",
    "financial_aid_url": "https://uvahealth.com/patients-visitors/billing-insurance/financial-assistance"
  },
  {
    "id": "unc-health",
    "slug": "unc-medical-center",
    "name": "UNC Medical Center",
    "city": "Chapel Hill",
    "state": "NC",
    "fpl_limit": 250,
    "deadline_days": 240,
    "policy_note": "UNC Health Financial Assistance",
    "financial_aid_url": "https://www.unchealthcare.org/billing/financial-assistance/"
  },
  {
    "id": "shands-uf",
    "slug": "uf-health-shands",
    "name": "UF Health Shands Hospital",
    "city": "Gainesville",
    "state": "FL",
    "fpl_limit": 200,
    "deadline_days": 240,
    "policy_note": "UF Health Financial Assistance",
    "financial_aid_url": "https://ufhealth.org/billing-and-insurance/financial-assistance"
  },
  {
    "id": "tampa-general",
    "slug": "tampa-general-hospital",
    "name": "Tampa General Hospital",
    "city": "Tampa",
    "state": "FL",
    "fpl_limit": 200,
    "deadline_days": 240,
    "policy_note": "TGH Financial Assistance",
    "financial_aid_url": "https://www.tgh.org/patient-visitor-info/billing-insurance/financial-assistance"
  },
  {
    "id": "uc-health",
    "slug": "uc-health-cincinnati",
    "name": "UC Health",
    "city": "Cincinnati",
    "state": "OH",
    "fpl_limit": 200,
    "deadline_days": 240,
    "policy_note": "UC Health Financial Assistance",
    "financial_aid_url": "https://www.uchealth.com/financial-assistance/"
  },
  {
    "id": "piedmont-atlanta",
    "slug": "piedmont-atlanta-hospital",
    "name": "Piedmont Atlanta Hospital",
    "city": "Atlanta",
    "state": "GA",
    "fpl_limit": 250,
    "deadline_days": 240,
    "policy_note": "Piedmont Financial Assistance",
    "financial_aid_url": "https://www.piedmont.org/patient-resources/billing-insurance/financial-assistance"
  },
  {
    "id": "baylor-st-lukes",
    "slug": "baylor-st-lukes-medical-center",
    "name": "Baylor St. Luke's Medical Center",
    "city": "Houston",
    "state": "TX",
    "fpl_limit": 200,
    "deadline_days": 240,
    "policy_note": "CommonSpirit Health Policy",
    "financial_aid_url": "https://www.stlukeshealth.org/patients-visitors/billing-insurance/financial-assistance"
  },
  {
    "id": "memorial-hermann",
    "slug": "memorial-hermann",
    "name": "Memorial Hermann",
    "city": "Houston",
    "state": "TX",
    "fpl_limit": 200,
    "deadline_days": 240,
    "policy_note": "Memorial Hermann Financial Assistance",
    "financial_aid_url": "https://memorialhermann.org/patients-visitors/billing-financial-services/financial-assistance"
  },
  {
    "id": "banner-health",
    "slug": "banner-university-medical-center",
    "name": "Banner University Medical Center",
    "city": "Phoenix",
    "state": "AZ",
    "fpl_limit": 200,
    "deadline_days": 240,
    "policy_note": "Banner Health Financial Assistance",
    "financial_aid_url": "https://www.bannerhealth.com/patients/billing/financial-assistance"
  },
  {
    "id": "ochsner",
    "slug": "ochsner-medical-center",
    "name": "Ochsner Medical Center",
    "city": "New Orleans",
    "state": "LA",
    "fpl_limit": 200,
    "deadline_days": 240,
    "policy_note": "Ochsner Financial Assistance",
    "financial_aid_url": "https://www.ochsner.org/patients-visitors/billing-financial-services/financial-assistance"
  },
  {
    "id": "musc",
    "slug": "musc-health",
    "name": "MUSC Health",
    "city": "Charleston",
    "state": "SC",
    "fpl_limit": 200,
    "deadline_days": 240,
    "policy_note": "MUSC Financial Assistance",
    "financial_aid_url": "https://muschealth.org/patients-visitors/billing-insurance/financial-assistance"
  },
  {
    "id": "atrium-health",
    "slug": "atrium-health-carolinas",
    "name": "Atrium Health Carolinas",
    "city": "Charlotte",
    "state": "NC",
    "fpl_limit": 200,
    "deadline_days": 240,
    "policy_note": "Atrium Health Financial Assistance",
    "financial_aid_url": "https://atriumhealth.org/for-patients-visitors/financial-assistance"
  },
  {
    "id": "novant-health",
    "slug": "novant-health",
    "name": "Novant Health",
    "city": "Winston-Salem",
    "state": "NC",
    "fpl_limit": 250,
    "deadline_days": 240,
    "policy_note": "Novant Health Financial Assistance",
    "financial_aid_url": "https://www.novanthealth.org/patients--visitors/billing--insurance/financial-assistance.aspx"
  },
  {
    "id": "oregon-health-science",
    "slug": "ohsu-hospital",
    "name": "OHSU Hospital",
    "city": "Portland",
    "state": "OR",
    "fpl_limit": 300,
    "deadline_days": 240,
    "policy_note": "OHSU Financial Assistance",
    "financial_aid_url": "https://www.ohsu.edu/billing/financial-assistance"
  },
  {
    "id": "providence-st-vincent",
    "slug": "providence-st-vincent",
    "name": "Providence St. Vincent",
    "city": "Portland",
    "state": "OR",
    "fpl_limit": 300,
    "deadline_days": 240,
    "policy_note": "Providence Financial Assistance",
    "financial_aid_url": "https://www.providence.org/patients-and-visitors/billing-and-financial-assistance"
  },
  {
    "id": "scripps-green",
    "slug": "scripps-green-hospital",
    "name": "Scripps Green Hospital",
    "city": "La Jolla",
    "state": "CA",
    "fpl_limit": 300,
    "deadline_days": 240,
    "policy_note": "Scripps Financial Assistance",
    "financial_aid_url": "https://www.scripps.org/patients-and-visitors/billing-and-insurance/financial-assistance"
  },
  {
    "id": "sharp-memorial",
    "slug": "sharp-memorial-hospital",
    "name": "Sharp Memorial Hospital",
    "city": "San Diego",
    "state": "CA",
    "fpl_limit": 250,
    "deadline_days": 240,
    "policy_note": "Sharp HealthCare Financial Assistance",
    "financial_aid_url": "https://www.sharp.com/patients/billing-insurance/financial-assistance/"
  },
  {
    "id": "uc-davis",
    "slug": "uc-davis-medical-center",
    "name": "UC Davis Medical Center",
    "city": "Sacramento",
    "state": "CA",
    "fpl_limit": 400,
    "deadline_days": 240,
    "policy_note": "UC Davis Financial Assistance",
    "financial_aid_url": "https://health.ucdavis.edu/medical-center/billing/financial-assistance.html"
  }
]
